name,position,proj
Christian McCaffrey,RB,338.093096532
Breece Hall,RB,287.24863234000003
Bijan Robinson,RB,284.10558567799995
CeeDee Lamb,WR,328.1646482750001
Tyreek Hill,WR,298.320436869
Ja'Marr Chase,WR,291.96472132
Amon-Ra St. Brown,WR,284.414266389
Justin Jefferson,WR,285.759096971
Jonathan Taylor,RB,255.05329448400005
Saquon Barkley,RB,252.68898701799998
Kyren Williams,RB,248.95722629600002
A.J. Brown,WR,270.737480584
Puka Nacua,WR,258.79817268000005
Garrett Wilson,WR,251.667744212
Jahmyr Gibbs,RB,236.31810993599998
Isiah Pacheco,RB,232.17910170800002
Davante Adams,WR,253.133545662
Chris Olave,WR,245.37594656800002
Michael Pittman Jr.,WR,228.478189494
Mike Evans,WR,235.269160852
Travis Etienne Jr.,RB,225.45756930199997
Derrick Henry,RB,230.917135306
Alvin Kamara,RB,230.45878034400008
Joe Mixon,RB,227.536514174
Rachaad White,RB,227.635292724
James Cook,RB,222.024998404
Sam LaPorta,TE,210.14571266
Travis Kelce,TE,208.65351404150002
Josh Allen,QB,312.590252348
Jalen Hurts,QB,314.950979436
Josh Jacobs,RB,210.740657692
Kenneth Walker III,RB,210.551642078
De'Von Achane,RB,209.746864366
Marvin Harrison Jr.,WR,228.469751802
Drake London,WR,227.39892422200003
Nico Collins,WR,227.756741252
DK Metcalf,WR,227.512783766
Brandon Aiyuk,WR,221.916869236
Deebo Samuel Sr.,WR,220.66065160600004
Stefon Diggs,WR,224.858109688
DJ Moore,WR,223.814894879
DeVonta Smith,WR,225.50869387600002
Jaylen Waddle,WR,218.819054524
Lamar Jackson,QB,304.686665636
Patrick Mahomes,QB,307.179147192
Cooper Kupp,WR,218.746226644
Zay Flowers,WR,217.017229813
Calvin Ridley,WR,218.08475738899998
Malik Nabers,WR,213.704057886
Tee Higgins,WR,216.164870674
Mark Andrews,TE,197.810535138
Tank Dell,WR,209.623151413
Keenan Allen,WR,202.382877977
Chris Godwin,WR,214.02397349000003
Amari Cooper,WR,206.86150711
George Pickens,WR,201.12815348
DeAndre Hopkins,WR,208.25614733
Rashee Rice,WR,188.68275958840002
Evan Engram,TE,182.82978228800002
Trey McBride,TE,182.7324903
Joe Burrow,QB,278.08501628199997
C.J. Stroud,QB,275.75579446800003
Anthony Richardson,QB,273.184852744
Dak Prescott,QB,276.53486657800005
Rhamondre Stevenson,RB,193.814726072
Jonathon Brooks,RB,192.768574074
Aaron Jones,RB,194.57840793400004
George Kittle,TE,175.02098886200002
David Njoku,TE,178.68240839800004
Dalton Kincaid,TE,170.827920834
D'Andre Swift,RB,180.89875178800006
James Conner,RB,177.748029402
Brian Robinson Jr.,RB,180.88573121000002
David Montgomery,RB,181.22359091
Najee Harris,RB,175.64401241399997
Jaylen Warren,RB,176.316823622
Zamir White,RB,179.782226506
Jordan Love,QB,258.161640948
Kyler Murray,QB,263.59990635799994
Brock Purdy,QB,259.19365113
Aaron Rodgers,QB,265.563674486
Diontae Johnson,WR,198.196366129
Terry McLaurin,WR,190.439308358
Christian Kirk,WR,194.810651504
Jordan Addison,WR,190.79988720600002
Courtland Sutton,WR,188.98459435400002
Jake Ferguson,TE,165.56159713800002
Kyle Pitts,TE,168.49345933200001
Dallas Goedert,TE,152.165605334
T.J. Hockenson,TE,142.219450582
Christian Watson,WR,189.427311862
Jayden Reed,WR,180.89332218299998
Jaxon Smith-Njigba,WR,182.43481515800005
Mike Williams,WR,178.657578848
Tyler Lockett,WR,181.90315282000003
Javonte Williams,RB,173.86831606799998
Tyjae Spears,RB,171.235329822
Tony Pollard,RB,162.87651102599995
Zack Moss,RB,172.54216536200002
Austin Ekeler,RB,170.34833324400003
Devin Singletary,RB,166.66569284800002
Ezekiel Elliott,RB,172.441847982
Raheem Mostert,RB,169.65062874799997
Marquise Brown,WR,175.59858615500002
Rome Odunze,WR,175.40564598
Xavier Worthy,WR,174.79196760000002
Ladd McConkey,WR,173.71033293300002
Keon Coleman,WR,169.61753049800004
Brian Thomas Jr.,WR,171.27964736200002
Justin Herbert,QB,252.27110862800004
Jayden Daniels,QB,258.383914212
Kirk Cousins,QB,252.25909837199998
Caleb Williams,QB,252.05305699600004
Gus Edwards,RB,143.26782064800003
Nick Chubb,RB,162.827929678
J.K. Dobbins,RB,166.27133123400006
Zach Charbonnet,RB,136.927335354
Antonio Gibson,RB,142.384498584
Tyler Allgeier,RB,143.60981024199998
Jerome Ford,RB,115.50050329400001
Ty Chandler,RB,137.515155038
Chase Brown,RB,132.966092924
Darnell Mooney,WR,175.37855511000004
Jakobi Meyers,WR,174.8112835904
Jerry Jeudy,WR,174.40407674800002
Adam Thielen,WR,171.37531075
Curtis Samuel,WR,165.38084838
Jameson Williams,WR,162.03796094600003
Xavier Legette,WR,156.300507754
Gabe Davis,WR,170.489542246
Brock Bowers,TE,144.00580345
Dalton Schultz,TE,132.14619582400002
Pat Freiermuth,TE,138.660462522
Cole Kmet,TE,132.9251602237
Deshaun Watson,QB,258.117635538
Trevor Lawrence,QB,247.86056931799996
Trey Benson,RB,109.20481636000002
Blake Corum,RB,102.33395997200002
Tyler Conklin,TE,128.397998886
Rashid Shaheed,WR,159.09541368200004
Browns,DEF,140.92786510599996
Cowboys,DEF,130.879611312
Jets,DEF,129.88254941600002
Ravens,DEF,131.74752413500002
49ers,DEF,126.13014975799997
Steelers,DEF,128.393721059
Dolphins,DEF,117.07561028600001
Jaguars,DEF,118.314222299
Saints,DEF,114.38264849300003
Bengals,DEF,116.153774338
Harrison Butker,K,146.365108915
Brandon Aubrey,K,142.076239604
Justin Tucker,K,142.376444632
Jake Elliott,K,143.525842614
Greg Zuerlein,K,140.800522135
Ka'imi Fairbairn,K,140.41384027700002
Evan McPherson,K,138.713375742
Jake Moody,K,138.655316524
Cameron Dicker,K,138.29025153799998
Cairo Santos,K,137.29931357200002
Tua Tagovailoa,QB,239.61527732200003
Matthew Stafford,QB,240.386948133
Kendre Miller,RB,103.917476934
Jaleel McLaughlin,RB,113.912838042
MarShawn Lloyd,RB,93.84013816800001
Alexander Mattison,RB,91.195636006
Chuba Hubbard,RB,100.134993408
Miles Sanders,RB,72.700354236
Rico Dowdle,RB,114.34193469599998
Keaton Mitchell,RB,47.835873365000005
Khalil Herbert,RB,84.875115319
Clyde Edwards-Helaire,RB,108.715931428
Ray Davis,RB,75.281089115
DeMario Douglas,WR,155.17282071699998
Romeo Doubs,WR,155.195638812
Ja'Lynn Polk,WR,131.140043306
Adonai Mitchell,WR,130.021442312
Quentin Johnston,WR,130.747501319
Joshua Palmer,WR,138.70031396200002
Brandin Cooks,WR,155.36235381100002
Kendrick Bourne,WR,145.40081802
Marvin Mims Jr.,WR,142.461346102
Khalil Shakir,WR,143.698937986
Josh Downs,WR,126.504384702
Taysom Hill,TE,123.8222156392
Juwan Johnson,TE,119.88465205000001
Chigoziem Okonkwo,TE,118.1727375144
Hunter Henry,TE,110.111759688
Chiefs,DEF,106.61095067699999
Lions,DEF,111.64253092300004
Younghoe Koo,K,137.109941316
Michael Badgley,K,138.27708800099998
Jahan Dotson,WR,125.100056352
Ricky Pearsall,WR,87.466858127
Roschon Johnson,RB,73.956894086
Jaylen Wright,RB,55.538768852000004
Jared Goff,QB,235.21179252100004
Bryce Young,QB,223.36459423199997
Drake Maye,QB,216.634995012
J.J. McCarthy,QB,218.40096782
Demarcus Robinson,WR,153.458851846
Wan'Dale Robinson,WR,134.246119442
Tyler Boyd,WR,130.746480684
Darius Slayton,WR,127.72942914400001
Jermaine Burton,WR,123.754346798
Tucker Kraft,TE,90.41981713000001
Luke Musgrave,TE,79.963094462
DJ Chark Jr.,WR,122.648925754
Zay Jones,WR,121.88170020800001
Rashod Bateman,WR,121.45306622600002
Jalen Tolbert,WR,120.759072038
Samaje Perine,RB,101.93202541999999
Tyrone Tracy Jr.,RB,59.976852601000004
Elijah Mitchell,RB,73.37963679599999
Noah Fant,TE,103.26249919
Cade Otton,TE,109.56782579600001
Hayden Hurst,TE,99.26368631
Daniel Jones,QB,224.429263094
Baker Mayfield,QB,245.965432086
Geno Smith,QB,227.667357744
Jamaal Williams,RB,77.05984435800002
Tank Bigsby,RB,74.42624933799999
Kenneth Gainwell,RB,74.26364772400001
Michael Wilson,WR,119.62545419599999
Braelon Allen,RB,74.74626277000003
Justice Hill,RB,69.452730812
Jalin Hyatt,WR,118.11437882
Trey Palmer,WR,107.451380463
Malachi Corley,WR,107.26398846699999
Rondale Moore,WR,106.980470681
Odell Beckham Jr.,WR,99.09761413999999
Elijah Moore,WR,105.09512222599999
Jalen McMillan,WR,96.79854973799999
Luke McCaffrey,WR,95.936145988
Bears,DEF,108.93703989399997
Bills,DEF,93.46583782899997
Dustin Hopkins,K,135.51066708599998
Matt Gay,K,134.08427796299998
Chase Edmonds,RB,65.974517764
Eric Gray,RB,65.795471918
Ty Johnson,RB,60.13701269
Trey Sermon,RB,60.089829933000004
Bucky Irving,RB,58.99891105200001
Ameer Abdullah,RB,55.846918066
Nyheim Hines,RB,55.499273871
Dameon Pierce,RB,55.13857244199999
Isaiah Davis,RB,55.087676986000005
D'Onta Foreman,RB,49.436906517
Michael Carter,RB,52.10995738
D'Ernest Johnson,RB,48.160271144000006
Deuce Vaughn,RB,45.20896331
Dontayvion Wicks,WR,95.36954703800001
Kalif Raymond,WR,84.01716158900001
Colts,DEF,98.034039391
Seahawks,DEF,98.00674206500001
Eddy Pineiro,K,134.089219678
Chase McLaughlin,K,133.731844068
Jonnu Smith,TE,83.19855537519999
Dawson Knox,TE,81.727022948
Jelani Woods,TE,80.55742543000001
Nelson Agholor,WR,80.94189086000002
Van Jefferson,WR,79.42735253599999
Roman Wilson,WR,76.250493304
Tim Patrick,WR,73.003633076
Dare Ogunbowale,RB,44.07961414399999
AJ Dillon,RB,43.51873090000001
Will Levis,QB,222.915249102
Derek Carr,QB,223.74844314900002
Russell Wilson,QB,191.39807657200004
Bo Nix,QB,191.21045894600005
Michael Gallup,WR,66.564337696
Jamison Crowder,WR,66.202837
Josh Reynolds,WR,65.345285462
Jonathan Mingo,WR,64.85387696800001
KaVontae Turpin,WR,61.46117845899999
Chris Rodriguez Jr.,RB,39.027893668
Trayveon Williams,RB,41.30233086
Evan Hull,RB,38.137145813
Craig Reynolds,RB,39.826402031
Will Shipley,RB,38.468897203999994
Kyle Juszczyk,RB,37.152079523000005
Cordarrelle Patterson,RB,36.445650983
Isaiah Spiller,RB,33.188547484000004
Andrei Iosivas,WR,59.912828278
Texans,DEF,95.016691478
Panthers,DEF,91.66177275499997
Jason Sanders,K,131.801460217
Nick Folk,K,132.10029322100002
Daniel Bellinger,TE,72.324122636
Tyler Higbee,TE,77.19542793
Ben Sinnott,TE,71.681660714
Colby Parkinson,TE,76.31472887
Greg Dulcich,TE,70.23969663599999
Tutu Atwell,WR,58.195772954999995
Calvin Austin III,WR,55.717122482
Gardner Minshew,QB,125.150536044
Packers,DEF,89.84339404299999
Eagles,DEF,88.01843576199998
Patriots,DEF,85.14346184600002
Raiders,DEF,89.94697518799998
Aidan O'Connell,QB,111.07720455099998
Justin Fields,QB,71.646296198
Kenny McIntosh,RB,32.267651571
Julius Chestnut,RB,31.929366517000002
Jordan Mason,RB,33.694019864000005
Jase McClellan,RB,28.17188369
Kevin Harris,RB,27.435171297
Dylan Laube,RB,27.321588809
Isaac Guerendo,RB,24.600021251999998
Sam Darnold,QB,44.364264653999996
Zach Ertz,TE,72.281966226
Isaiah Likely,TE,62.78061830200001
Michael Mayer,TE,62.868518126000005
Mike Gesicki,TE,62.465957862
Michael Penix Jr.,QB,31.319770525999996
Sam Howell,QB,50.169119102
Tyrod Taylor,QB,31.909985618000004
Joe Flacco,QB,25.123589326999998
Jake Browning,QB,37.062929988
Royce Freeman,RB,24.558996272
Israel Abanikanda,RB,23.335152112999996
Ronnie Rivers,RB,24.568000195000003
Johnny Mundt,TE,47.632834482
Noah Gray,TE,70.888994574
Will Dissly,TE,64.962271062
Gerald Everett,TE,46.32805478939999
Jeremy Ruckert,TE,57.717481198
Austin Hooper,TE,56.956739032
Theo Johnson,TE,55.33305018
Tanner Hudson,TE,47.751984168
Tommy Tremble,TE,56.89094789999999
Connor Heyward,TE,50.386722307999996
Kylen Granson,TE,48.942444044
Pharaoh Brown,TE,27.915367404
Jameis Winston,QB,28.467811409
Jarrett Stidham,QB,41.783350333
Jacoby Brissett,QB,29.595551913
Drew Lock,QB,44.934381095
Mason Rudolph,QB,28.053235183999995
Carson Wentz,QB,36.33865096900001
Jimmy Garoppolo,QB,33.431300673900004
Kenny Pickett,QB,32.022505139
Marcus Mariota,QB,33.119049881
Mitchell Trubisky,QB,35.512765395
Jason Myers,K,129.651453104
Matt Prater,K,129.792864299
Chris Boswell,K,129.662800238
Tyler Bass,K,129.34273717599999
Daniel Carlson,K,127.97457182000001
Joshua Karty,K,132.487829013
Anders Carlson,K,129.653315902
Will Reichard,K,127.17776955299999
Cam Little,K,127.360317
Blake Grupe,K,126.98466420300001
Graham Gano,K,122.253034558
Wil Lutz,K,120.110060068
Chad Ryland,K,115.651204154
Brandon McManus,K,0.0
Falcons,DEF,80.64378542000001
Buccaneers,DEF,79.41333064500003
Vikings,DEF,80.23922621800001
Chargers,DEF,79.03773343699999
Commanders,DEF,77.63627611000001
Broncos,DEF,66.11998330200002
Giants,DEF,67.538868018
Titans,DEF,65.326477963
Rams,DEF,60.906001372999995
Cardinals,DEF,53.402219279999976
Devontez Walker,WR,51.176793886000006
Troy Franklin,WR,50.669423529999996
Noah Brown,WR,50.428756862
KhaDarel Hodge,WR,49.407404308000004
Bub Means,WR,49.17701773400001
Greg Dortch,WR,48.74245618699999
Treylon Burks,WR,48.55460523300001
Brandon Powell,WR,48.023370703000005
Justin Watson,WR,47.221858478
Xavier Gipson,WR,47.02787089000001
Adam Trautman,TE,46.133197998
Ja'Tavion Sanders,TE,45.75826331000001
Josh Oliver,TE,45.683848807999986
Jake Bobo,WR,44.741197108
Tre Tucker,WR,43.82620935400001
Jauan Jennings,WR,41.705705242
Foster Moreau,TE,41.688254422
Derius Davis,WR,41.03204684
Trenton Irwin,WR,40.392293488
Parris Campbell,WR,39.219149942
Brock Wright,TE,39.032064348000006
Cedrick Wilson Jr.,WR,38.434837632000004
Marquez Valdes-Scantling,WR,37.807829664
Durham Smythe,TE,37.314023422
Jordan Akins,TE,35.905238804
Elijah Higgins,TE,35.363130754
Stephen Sullivan,TE,34.410089768000006
Cooper Rush,QB,34.290901782999995
Darnell Washington,TE,34.025683885999996
Joshua Dobbs,QB,33.694858128
Cedric Tillman,WR,33.406341488
Tyson Bagent,QB,33.121915221
Devin Duvernay,WR,32.771440099
Sean Clifford,QB,32.487660324
Case Keenum,QB,32.266308675000005
Josh Johnson,QB,32.139739036
Allen Robinson II,WR,31.606939524
Kyle Trask,QB,31.614669402000004
Luke Schoonmaker,TE,31.494806784
Mac Jones,QB,31.175292810000006
Desmond Ridder,QB,30.91292499
Hendon Hooker,QB,30.582374735
Ryan Flournoy,WR,30.445654928
JuJu Smith-Schuster,WR,30.375709692
Alec Pierce,WR,30.246312604000003
Brevin Jordan,TE,29.982523982
Easton Stick,QB,29.688599536999998
Drew Sample,TE,29.628315720000003
Jason Brownlee,WR,29.626214246
Malik Washington,WR,29.580448212999997
Andy Dalton,QB,29.287393138
Josh Whyle,TE,29.21643927
Ray-Ray McCloud III,WR,29.178408052
Brenton Strange,TE,28.802985151999998
Luke Farrell,TE,28.636381422000003
Nathan Peterman,QB,27.74626612
Bo Melton,WR,27.604084599
Tyler Johnson,WR,27.509023103999997
Stone Smartt,TE,27.312938146
Trent Sherfield,WR,26.866797651
Ainias Smith,WR,26.314877943
Mike White,QB,26.274028082
David Moore,WR,26.239773402
Skyy Moore,WR,25.974784173
Drew Ogletree,TE,25.422021134
Alec Ingold,RB,25.179009524
Javon Baker,WR,24.787342286
Dyami Brown,WR,24.768626279
Payne Durham,TE,24.406213243
K.J. Osborn,WR,23.914076742
AJ Barner,TE,23.633885123
Laviska Shenault Jr.,WR,23.163935273
Donovan Peoples-Jones,WR,21.914151677000003
Peyton Hendershot,TE,21.307352279
Rasheen Ali,RB,21.1227943
Keaontay Ingram,RB,21.087308493
Ross Dwelley,TE,20.643735230999997
Erick All Jr.,TE,20.522284064999997
Irv Smith Jr.,TE,20.493244381
Kadarius Toney,WR,20.393380222000005
Chris Evans,RB,19.160524132999996
Mo Alie-Cox,TE,18.730327994
Ko Kieft,TE,18.721061858
Emari Demercado,RB,18.706496924999996
Jordan Whittington,WR,18.496825769999997
Lucas Krull,TE,18.047105283999997
C.J. Uzomah,TE,17.927103608
Mack Hollins,WR,17.915660082
Giovanni Ricci,TE,17.600895832000003
Ian Thomas,TE,17.531764145999997
Tip Reiman,TE,17.480165409
Johnny Wilson,WR,16.942511488999997
Tyler Scott,WR,16.520493144
Braxton Berrios,WR,16.259995413
Anthony Gould,WR,16.208256264000003
Quez Watkins,WR,16.101635092
Isaiah McKenzie,WR,15.835526355000002
Myles Gaskin,RB,15.651309315
David Bell,WR,15.447151064000002
Kene Nwangwu,RB,15.35784094
Jalen Nailor,WR,15.236871223
Jeff Wilson Jr.,RB,15.175876298
Jalen Reagor,WR,14.910673532
Sean Tucker,RB,14.811066905
Ihmir Smith-Marsette,WR,14.008974584999999
Audric Estime,RB,13.659419413
John Metchie III,WR,13.532309523999999
Rakim Jarrett,WR,13.384593209
Nick Westbrook-Ikhine,WR,13.229501990000001
Cameron Latu,TE,13.056711085
Hunter Long,TE,12.877662469999999
Darrynton Evans,RB,12.535231956999999
Michael Burton,RB,12.398176294999999
Dante Miller,RB,12.071552139
Rashaad Penny,RB,11.891819026
Charlie Jones,WR,11.847467447
Hunter Luepke,RB,11.759883599000002
Avery Williams,RB,11.606257455000003
JaMycal Hasty,RB,11.317128702
Andrew Beck,RB,11.151975365000002
Deonte Harty,WR,11.063285445000002
Adam Prentice,RB,10.937405602
Deneric Prince,RB,10.844938592000002
Kimani Vidal,RB,10.274484512
Travis Homer,RB,10.085189319
Jared Wiley,TE,10.065388214
A.T. Perry,WR,9.982427874
Jalen Brooks,WR,9.930068282
Dee Eskridge,WR,9.799208799999999
Charlie Woerner,TE,9.656936893000001
Donald Parham Jr.,TE,9.637283855999998
Casey Washington,WR,9.622202187000001
Jody Fortson,TE,9.543239358
Cade Stover,TE,9.486581243
Ashton Dulin,WR,9.477680242000002
Tommy Hudson,TE,9.455788234
Robert Tonyan,TE,9.386780644
Kenny Yeboah,TE,9.383312861
C.J. Ham,RB,9.342296621500001
Malik Heath,WR,9.256728188
Quintin Morris,TE,9.245042887
James Mitchell,TE,9.172912928
Josiah Deguara,TE,9.067372299
Allen Lazard,WR,9.004716046
Brenden Rice,WR,8.933443164
Nick Vannett,TE,8.863481245
Antoine Green,WR,8.838187975
Harrison Bryant,TE,8.822198006
MyCole Pruitt,TE,8.810735599000001
Stephen Carlson,TE,8.756257745000001
Equanimeous St. Brown,WR,8.751286223000001
Britain Covey,WR,8.737611096
John Bates,TE,8.729003291
Parker Washington,WR,8.708256268000001
Velus Jones Jr.,WR,8.642223153999998
Chase Claypool,WR,8.631534369
Blake Whiteheart,TE,8.463387176000001
Jacob Cowing,WR,8.458152795
Grant Calcaterra,TE,8.447857059
Nick Bawden,RB,8.406168115
Eric Saubert,TE,8.350855429000001
Jalen Guyton,WR,8.336117029
Jamari Thrash,WR,8.302137556
Nate Adkins,TE,8.291750541999999
Davis Allen,TE,8.245852909000002
Charlie Kolar,TE,8.195084984000001
Tim Jones,WR,8.06867542
Zach Pascal,WR,7.974770733000001
Mitchell Wilcox,TE,7.953493256
Jawhar Jordan,RB,7.939471295000001
Olamide Zaccheaus,WR,7.846646364000001
Brandon Johnson,WR,7.816593985000001
Will Mallory,TE,7.71841494
Patrick Ricard,RB,7.576915049000001
Scotty Miller,WR,7.4720829580000006
Xavier Hutchinson,WR,6.299651740000001
Hassan Haskins,RB,5.745687973
Tyler Goodson,RB,5.6607337090000005
Boston Scott,RB,5.432210197000001
Sione Vaki,RB,5.209543104
Lawrence Cager,TE,4.719933795
Devin Culp,TE,4.612542013400001
Ben Sims,TE,4.4935277166
River Cracraft,WR,4.46515615
Chris Manhertz,TE,4.4426331208
Ryan Miller,WR,4.439143454000001
Tyler Davis,TE,4.4379952330000005
Maurice Alexander,WR,4.399309691000001
Brady Russell,TE,4.3692039136
Danny Gray,WR,4.208362490000001
Kyle Philips,WR,4.1091563760000005
Cole Turner,TE,4.084520905
Khari Blasingame,RB,3.8427360016000005
Jordan Mims,RB,2.308650741
Jeremy McNichols,RB,2.1610475520000003
Montrell Washington,WR,1.738349106
Ronnie Bell,WR,1.026
Robert Woods,WR,0.8208
Keilan Robinson,RB,0.539247684
Tylan Wallace,WR,0.525182628
Pierre Strong Jr.,RB,0.504494478
DeeJay Dallas,RB,0.48898098
Raheem Blackshear,RB,0.45154651199999996
Chris Moore,WR,0.0
Darren Waller,TE,0.0
Trent Taylor,WR,0.0
Eric Tomlinson,TE,0.0
Damiere Byrd,WR,0.0
Nate Sudfeld,QB,0.0
Brandon Allen,QB,0.0
Kyle Allen,QB,0.0
Jeff Driskel,QB,0.0
Taylor Heinicke,QB,0.0
C.J. Beathard,QB,0.0
Phillip Dorsett,WR,0.0
Zach Gentry,TE,0.0
Nick Mullens,QB,0.0
Juwann Winfree,WR,0.0
Brett Rypien,QB,0.0
Tommy Sweeney,TE,0.0
John Kelly Jr.,RB,0.0
Logan Woodside,QB,0.0
Tim Boyle,QB,0.0
Jordan Matthews,TE,0.0
N'Keal Harry,WR,0.0
Andy Isabella,WR,0.0
Miles Boykin,WR,0.0
Will Grier,QB,0.0
Dante Pettis,WR,0.0
Tre'Quan Smith,WR,0.0
Mike Boone,RB,0.0
Cam Sims,WR,0.0
Chris Conley,WR,0.0
Tyree Jackson,TE,0.0
Lil'Jordan Humphrey,WR,0.0
Steven Sims,WR,0.763123548
Gunner Olszewski,WR,1.5554938800000002
Nsimba Webster,WR,0.0
Stanley Morgan,WR,0.0
Jeff Smith,WR,0.0
Davion Davis,WR,0.0
Tom Kennedy,WR,0.0
La'Mical Perine,RB,0.0
Denzel Mims,WR,0.0
KJ Hamler,WR,0.0
Dalton Keene,TE,0.0
Albert Okwuegbunam Jr.,TE,0.0
Collin Johnson,WR,0.0
Freddie Swain,WR,0.0
James Proche II,WR,0.8208
Tyrie Cleveland,WR,0.0
Isaiah Hodgins,WR,0.0
Marquez Callaway,WR,0.0
J.J. Taylor,RB,0.0
James Robinson,RB,0.0
Salvon Ahmed,RB,0.0
Reggie Gilliam,RB,0.0
Malik Taylor,WR,0.0
John Wolford,QB,0.0
Sean McKeon,TE,0.0
Trishton Jackson,WR,0.0
Dan Chisena,WR,0.0
Tyron Johnson,WR,0.0
Austin Mack,WR,0.0
Tyler Huntley,QB,0.0
Jonathan Ward,RB,0.0
Tony Jones Jr.,RB,0.0
Kristian Wilkerson,WR,0.0
Terrace Marshall Jr.,WR,0.0
Zach Wilson,QB,0.0
Trey Lance,QB,0.0
Jermar Jefferson,RB,0.0
Davis Mills,QB,0.0
Dez Fitzpatrick,WR,0.0
Anthony Schwartz,WR,0.0
Gary Brightwell,RB,0.0
Jaelon Darden,WR,0.0
Cornell Powell,WR,0.0
Jacob Harris,WR,0.0
Ben Mason,RB,0.0
Simi Fehoko,WR,0.0
Tre' McKitty,TE,0.0
Seth Williams,WR,0.0
Kawaan Baker,WR,0.0
Ian Book,QB,0.0
Mike Strachan,WR,0.0
Zach Davidson,TE,0.0
Sam Ehlinger,QB,0.0
Jake Funk,RB,0.0
Racey McMath,WR,0.0
Jalen Camp,WR,0.0
Dax Milne,WR,1.8713982660000001
Ben Skowronek,WR,0.0
Jaret Patterson,RB,0.0
Sammis Reyes,TE,0.0
Cody White,WR,0.0
Miller Forristall,TE,0.0
Parker Hesse,TE,0.0
David Wells,TE,0.0
Jack Stoll,TE,0.0
Shane Zylstra,TE,0.0
Michael Bandy,WR,0.0
Easop Winston Jr.,WR,0.0
Patrick Taylor Jr.,RB,0.0
Mason Kinsey,WR,0.0
Tyler Mabry,TE,0.0
D.J. Montgomery,WR,0.0
David Sills V,WR,0.0
Snoop Conner,RB,0.0
Tyrion Davis-Price,RB,0.0
Malik Willis,QB,0.0
Tyquan Thornton,WR,0.0
Erik Ezukanma,WR,0.0
Teagan Quitoriano,TE,0.0
John FitzPatrick,TE,0.0
Michael Woods II,WR,0.0
Bailey Zappe,QB,0.0
Zonovan Knight,RB,0.0
Nick Muse,TE,0.0
Tyler Badie,RB,0.0
Zander Horvath,RB,0.0
Samori Toure,WR,0.0
Skylar Thompson,QB,0.0
Dareke Young,WR,0.0
Chris Oladokun,QB,0.0
Brittain Brown,RB,0.0
Justyn Ross,WR,0.0
Deven Thompkins,WR,2.647888488
Lance McCutcheon,WR,0.0
DJ Turner,WR,0.0
Jake Tonges,TE,0.0
Armani Rogers,TE,0.0
Jalen Virgil,WR,0.0
Tanner Conner,TE,0.0
Shane Buechele,QB,0.0
Kendric Pryor,WR,0.0
Malik Davis,RB,0.0
Troy Hairston,RB,0.0
Raleigh Webb,WR,0.0
Andre Baccellia,WR,0.0
Nikola Kalinic,TE,0.0
Daylen Baldwin,WR,0.0
Anthony Brown Jr.,QB,0.0
Ethan Fernea,WR,0.0
Josh Ali,WR,0.0
Dennis Houston,WR,0.0
Tay Martin,WR,0.0
Kwamie Lassiter II,WR,0.0
Johnny Johnson III,WR,0.0
Braylon Sanders,WR,0.0
Scotty Washington,TE,0.0
Zach Evans,RB,0.0
Stetson Bennett,QB,0.0
Justin Shorter,WR,0.0
Kayshon Boutte,WR,0.0
Lew Nichols,RB,0.0
Grant DuBose,WR,0.0
Zack Kuntz,TE,0.0
Tanner McKee,QB,0.0
Jake Haener,QB,0.0
Dorian Thompson-Robinson,QB,0.0
Jaren Hall,QB,0.0
Clayton Tune,QB,0.0
Brayden Willis,TE,0.0
Max Duggan,QB,0.0
DeWayne McBride,RB,0.0
Colton Dowell,WR,0.0
Joseph Ngata,WR,0.0
Elijah Dotson,RB,0.0
Austin Watkins Jr.,WR,0.0
Chase Cota,WR,0.0
Malik Cunningham,WR,0.0
Mitchell Tinsley,WR,0.0
Emanuel Wilson,RB,0.0
Chris Brooks,RB,0.0
Julian Hill,TE,0.0
Irvin Charles,WR,0.0
Elijah Cooks,WR,0.0
Kearis Jackson,WR,0.0
Xazavian Valladay,RB,0.0
Jashaun Corbin,RB,0.0
Princeton Fant,TE,0.0
Shedrick Jackson,WR,0.0
Josh Pederson,TE,0.0
Rodney Williams,TE,0.0
Tommy DeVito,QB,0.0
Ellis Merriweather,RB,0.0
Henry Pearson,TE,0.0
Lucky Jackson,WR,0.0
Travis Vokolek,TE,0.0
Cole Fotheringham,TE,0.0
Owen Wright,RB,0.0
Nathan Rourke,QB,0.0
Chris Blair,WR,0.0
Dylan Drummond,WR,0.0
Cornelius Johnson,WR,0.0
Jha'Quan Jackson,WR,3.3975780359999996
Spencer Rattler,QB,0.0
Tahj Washington,WR,0.0
Tejhaun Palmer,WR,0.0
Jaheim Bell,TE,0.0
Joe Milton III,QB,0.0
Jordan Travis,QB,0.0
Devin Leary,QB,0.0
Devaughn Vele,WR,0.0
Michael Pratt,QB,0.0
Tanner McLachlan,TE,0.0
Louis Rees-Zammit,RB,0.0
Blake Watson,RB,0.0
Ryan Griffin,TE,0.0
Logan Thomas,TE,0.0
Chase Daniel,QB,0.0
Chad Henne,QB,0.0
Colt McCoy,QB,0.0
AJ McCarron,QB,0.0
Keith Smith,RB,0.0
Blaine Gabbert,QB,0.0
Matthew Slater,WR,0.0
Matt Barkley,QB,0.0
Josh Gordon,WR,0.0
Brian Hoyer,QB,0.0
Jason Cabinda,RB,0.0
Jamal Agnew,WR,0.0
Chester Rogers,WR,0.0
Rashard Higgins,WR,0.0
Dwayne Washington,RB,0.0
Mason Schreck,TE,0.0
Jake Kumerow,WR,0.0
J.D. McKissic,RB,0.0
Richie James,WR,0.0
Malcolm Brown,RB,0.0
Dan Arnold,TE,0.0
Laquon Treadwell,WR,0.0
Jacob Hollister,TE,0.0
Russell Gage,WR,0.0
Keith Kirkwood,WR,0.0
Marcus Kemp,WR,0.0
DeAndre Carter,WR,0.0
Garrett Griffin,TE,0.0
Javon Wims,WR,0.0
Anthony Firkser,TE,0.0
Alex Erickson,WR,0.0
Marcus Johnson,WR,0.0
Dontrell Hilliard,RB,0.0
Brandon Zylstra,WR,0.0
Malik Turner,WR,0.0
Alex Armah,RB,0.0
Derek Watt,RB,0.0
Davis Webb,QB,0.0
Pharoh Cooper,WR,0.0
Cethan Carter,TE,0.0
Tanner Gentry,WR,0.0
Byron Pringle,WR,0.0
Mike Thomas,WR,0.0
Jonathan Williams,RB,0.0
Darrell Daniels,TE,0.0
Stephen Anderson,TE,0.0
Breshad Perriman,WR,0.0
Hunter Renfrow,WR,0.0
Tyler Kroft,TE,0.0
Keelan Cole Sr.,WR,0.0
Maxx Williams,TE,0.0
Jesse James,TE,0.0
Nick Boyle,TE,0.0
Blake Bell,TE,0.0
Preston Williams,WR,0.0
Andre Roberts,WR,0.0
Marcedes Lewis,TE,0.0
Trevon Wesco,TE,0.0
Devine Ozigbo,RB,0.0
Richard Rodgers,TE,0.0
Trevor Siemian,QB,0.0
Ryan Griffin,QB,0.0
Darrel Williams,RB,0.0
Cullen Gillaspia,RB,0.0
Trace McSorley,QB,0.0
Kevin White,WR,0.0
Brandon Bolden,RB,0.0
Cameron Brate,TE,0.0
Nick Bellore,RB,0.0
Mecole Hardman,WR,0.0
Benny Snell Jr.,RB,0.0
Austin Seibert,K,0.0
Ronald Jones,RB,0.0
Trenton Cannon,RB,0.0
Qadree Ollison,RB,0.0
Darrell Henderson Jr.,RB,0.0
Greg Joseph,K,0.0
Keke Coutee,WR,0.0
Damien Harris,RB,0.0
Justin Jackson,RB,0.0
Dalvin Cook,RB,0.0
Leonard Fournette,RB,0.0
Kareem Hunt,RB,0.0
Phillip Lindsay,RB,0.0
James Washington,WR,0.0
Jordan Howard,RB,0.0
Sony Michel,RB,0.0
Marlon Mack,RB,0.0
Corey Davis,WR,0.0
Jordan Wilkins,RB,0.0
O.J. Howard,TE,0.0
Matt Breida,RB,0.0
Geoff Swaim,TE,0.0
Kenyan Drake,RB,0.0
Josh Lambo,K,0.0
Mike Davis,RB,0.0
Corey Clement,RB,0.0
Tevin Coleman,RB,0.0
Ty Montgomery II,RB,0.0
Duke Johnson,RB,0.0
DeVante Parker,WR,0.0
Melvin Gordon III,RB,0.0
Kenny Golladay,WR,0.0
Michael Thomas,WR,0.0
Sterling Shepard,WR,0.0
Robbie Chosen,WR,0.0
Willie Snead IV,WR,0.0
Damien Williams,RB,0.0
Martavis Bryant,WR,0.0
David Johnson,RB,0.0
Jarvis Landry,WR,0.0
Giovani Bernard,RB,0.0
Sammy Watkins,WR,0.0
John Brown,WR,0.0
Marquise Goodwin,WR,0.0
Jerick McKinnon,RB,0.0
Cole Beasley,WR,0.0
Latavius Murray,RB,0.0
Brett Maher,K,0.0
Teddy Bridgewater,QB,0.0
Rex Burkhead,RB,0.0
Nick Foles,QB,0.0
Mark Ingram II,RB,0.0
Julio Jones,WR,0.0
A.J. Green,WR,0.0
Ryan Tannehill,QB,0.0
T.Y. Hilton,WR,0.0
Randall Cobb,WR,0.0
Kyle Rudolph,TE,0.0
Marvin Jones Jr.,WR,0.0
Taiwan Jones,RB,0.0
Randy Bullock,K,0.0
Jimmy Graham,TE,0.0
Mason Crosby,K,0.0
DeSean Jackson,WR,0.0
Tom Brady,QB,0.0
Matt Ryan,QB,0.0
Robbie Gould,K,0.0
Ryan Succop,K,0.0
Penny Hart,WR,0.0
Reggie Bonnafon,RB,0.0
Keelan Doss,WR,0.0
C.J. Board,WR,0.0
Patrick Laird,RB,0.0
Taylor Bertolet,K,0.0
David Blough,QB,0.0
Jesper Horsted,TE,0.0
J.P. Holtz,RB,0.0
Kendall Blanton,TE,0.0
Jason Moore,WR,0.0
Jakob Johnson,RB,0.0
Cody Hollister,WR,0.0
Brandon Dillon,TE,0.0
Austin Walter,RB,0.0
PJ Walker,QB,0.0
Joey Slye,K,0.0
Cam Akers,RB,0.0
Ke'Shawn Vaughn,RB,0.0
Joshua Kelley,RB,0.0
Anthony McFarland Jr.,RB,0.0
Lynn Bowden Jr.,WR,0.0
Eno Benjamin,RB,0.0
Bryan Edwards,WR,0.0
Quintez Cephus,WR,0.0
Devin Asiasi,TE,0.0
Joe Reed,WR,0.0
Brycen Hopkins,TE,0.0
Jacob Eason,QB,0.0
Dezmon Patmon,WR,0.0
Ben DiNucci,QB,0.0
Jake Fromm,QB,0.0
Kirk Merritt,RB,0.0
Jared Pinkney,TE,0.0
Rodrigo Blankenship,K,0.0
Noah Togiai,TE,0.0
Chris Streveler,QB,0.0
Ben Ellefson,TE,0.0
Antonio Williams,RB,0.0
Kevin Rader,TE,0.0
Matt Sokol,TE,0.0
Kendall Hinton,WR,0.0
Chris Myarick,TE,0.0
Tony Brown,WR,0.0
Tristan Vizcaino,K,0.0
Matthew Wright,K,0.0
Amari Rodgers,WR,0.0
Javian Hawkins,RB,0.0
Larry Rountree III,RB,0.0
Frank Darby,WR,0.0
Kellen Mond,QB,0.0
Demetric Felton Jr.,RB,0.0
Dazz Newsome,WR,0.0
Shi Smith,WR,0.0
Kylin Hill,RB,0.0
Tre Nixon,WR,0.0
Sage Surratt,TE,0.0
Gerrid Doaks,RB,0.0
Marquez Stevenson,WR,0.0
Feleipe Franks,TE,0.0
Matt Ammendola,K,0.0
Ty'Son Williams,RB,0.0
Cade Johnson,WR,0.0
Quinn Nordin,K,0.0
Trinity Benson,WR,0.0
Nate McCrary,RB,0.0
Mekhi Sargent,RB,0.0
Godwin Igwebuike,RB,0.0
Derrick Gore,RB,0.0
Tory Carter,RB,0.0
Riley Patterson,K,0.0
Deon Jackson,RB,0.0
Tony Poljan,TE,0.0
JaQuan Hardy,RB,0.0
Dillon Stoner,WR,0.0
Hunter Kampmoyer,TE,0.0
Myron Mitchell,WR,0.0
Trey Ragas,RB,0.0
Matt Bushman,TE,0.0
Landen Akers,WR,0.0
Josh Johnson,RB,0.0
Nick Ralston,RB,0.0
Tarik Black,WR,0.0
Cody Thompson,WR,0.0
Brian Johnson,K,0.0
Chris Naggar,K,0.0
Alex Kessman,K,0.0
Dominik Eberle,K,0.0
Jacques Patrick,RB,0.0
Cade York,K,0.0
Matt Corral,QB,0.0
Trestan Ebner,RB,0.0
Carson Strong,QB,0.0
Brandon Smith,WR,0.0
Jonathan Garibay,K,0.0
Jalen Wydermyer,TE,0.0
T.J. Vasher,WR,0.0
Abram Smith,RB,0.0
Mataeo Durant,RB,0.0
Devon Allen,WR,0.0
James McCourt,K,0.0
Jared Bernhardt,WR,0.0
Bryce Perkins,QB,0.0
Caleb Huntley,RB,0.0
Caleb Shudak,K,0.0
Kaylon Geiger,WR,0.0
Austin Trammell,WR,0.0
Chase Allen,TE,0.0
Stanley Berryhill,WR,0.0
Kyric McGowan,WR,0.0
Spencer Brown,RB,0.0
D'vonte Price,RB,0.0
Roger Carter Jr.,TE,0.0
Nick Sciba,K,0.0
Binjimen Victor,WR,0.0
Christopher Dunn,K,0.0
Tanner Brown,K,0.0
Mohamed Ibrahim,RB,0.0
Curtis Hodges,TE,0.0
Tucker Fisk,TE,0.0
Terrell Bynum,WR,0.0
SaRodorick Thompson Jr.,RB,0.0
Lucas Havrisik,K,0.0
